id,label
0.jpg,312
1.jpg,373
2.jpg,626
3.jpg,76
4.jpg,890
5.jpg,355
6.jpg,338
7.jpg,976
8.jpg,288
9.jpg,973
10.jpg,948
11.jpg,955
12.jpg,584
13.jpg,296
14.jpg,147
15.jpg,471
16.jpg,418
17.jpg,35
18.jpg,766
19.jpg,548
20.jpg,641
21.jpg,314
22.jpg,524
23.jpg,283
24.jpg,409
25.jpg,262
26.jpg,675
27.jpg,708
28.jpg,897
29.jpg,806
30.jpg,588
31.jpg,80
32.jpg,928
33.jpg,25
34.jpg,336
35.jpg,52
36.jpg,319
37.jpg,608
38.jpg,943
39.jpg,357
40.jpg,875
41.jpg,363
42.jpg,252
43.jpg,22
44.jpg,485
45.jpg,788
46.jpg,66
47.jpg,686
48.jpg,554
49.jpg,705
50.jpg,893
51.jpg,669
52.jpg,668
53.jpg,425
54.jpg,117
55.jpg,382
56.jpg,863
57.jpg,300
58.jpg,290
59.jpg,927
60.jpg,438
61.jpg,836
62.jpg,317
63.jpg,365
64.jpg,381
65.jpg,852
66.jpg,412
67.jpg,768
68.jpg,77
69.jpg,89
70.jpg,30
71.jpg,754
72.jpg,494
73.jpg,841
74.jpg,594
75.jpg,280
76.jpg,352
77.jpg,375
78.jpg,264
79.jpg,741
80.jpg,131
81.jpg,227
82.jpg,974
83.jpg,256
84.jpg,603
85.jpg,914
86.jpg,19
87.jpg,651
88.jpg,748
89.jpg,138
90.jpg,117
91.jpg,946
92.jpg,674
93.jpg,719
94.jpg,574
95.jpg,147
96.jpg,741
97.jpg,985
98.jpg,329
99.jpg,429
100.jpg,854
101.jpg,190
102.jpg,287
103.jpg,835
104.jpg,537
105.jpg,690
106.jpg,763
107.jpg,784
108.jpg,520
109.jpg,240
110.jpg,241
111.jpg,551
112.jpg,184
113.jpg,212
114.jpg,773
115.jpg,26
116.jpg,293
117.jpg,626
118.jpg,754
119.jpg,112
120.jpg,335
121.jpg,397
122.jpg,479
123.jpg,528
124.jpg,514
125.jpg,710
126.jpg,208
127.jpg,395
128.jpg,637
129.jpg,892
130.jpg,727
131.jpg,334
132.jpg,458
133.jpg,664
134.jpg,991
135.jpg,459
136.jpg,93
137.jpg,48
138.jpg,823
139.jpg,491
140.jpg,672
141.jpg,184
142.jpg,552
143.jpg,740
144.jpg,670
145.jpg,335
146.jpg,916
147.jpg,771
148.jpg,940
149.jpg,758
150.jpg,412
151.jpg,12
152.jpg,238
153.jpg,614
154.jpg,225
155.jpg,102
156.jpg,518
157.jpg,696
158.jpg,344
159.jpg,26
160.jpg,229
161.jpg,540
162.jpg,800
163.jpg,68
164.jpg,155
165.jpg,864
166.jpg,201
167.jpg,818
168.jpg,803
169.jpg,819
170.jpg,991
171.jpg,516
172.jpg,465
173.jpg,505
174.jpg,346
175.jpg,636
176.jpg,521
177.jpg,477
178.jpg,816
179.jpg,471
180.jpg,60
181.jpg,461
182.jpg,453
183.jpg,738
184.jpg,103
185.jpg,32
186.jpg,473
187.jpg,754
188.jpg,717
189.jpg,749
190.jpg,820
191.jpg,323
192.jpg,365
193.jpg,902
194.jpg,823
195.jpg,777
196.jpg,950
197.jpg,727
198.jpg,717
199.jpg,154
200.jpg,534
201.jpg,290
202.jpg,295
203.jpg,460
204.jpg,54
205.jpg,456
206.jpg,976
207.jpg,12
208.jpg,898
209.jpg,766
210.jpg,436
211.jpg,754
212.jpg,197
213.jpg,925
214.jpg,901
215.jpg,62
216.jpg,142
217.jpg,418
218.jpg,804
219.jpg,857
220.jpg,362
221.jpg,145
222.jpg,106
223.jpg,286
224.jpg,481
225.jpg,237
226.jpg,957
227.jpg,930
228.jpg,897
229.jpg,158
230.jpg,877
231.jpg,817
232.jpg,952
233.jpg,491
234.jpg,649
235.jpg,14
236.jpg,108
237.jpg,454
238.jpg,996
239.jpg,716
240.jpg,126
241.jpg,973
242.jpg,477
243.jpg,114
244.jpg,132
245.jpg,572
246.jpg,716
247.jpg,267
248.jpg,344
249.jpg,780
250.jpg,807
251.jpg,750
252.jpg,768
253.jpg,596
254.jpg,663
255.jpg,249
256.jpg,261
257.jpg,309
258.jpg,332
259.jpg,929
260.jpg,780
261.jpg,282
262.jpg,546
263.jpg,900
264.jpg,344
265.jpg,709
266.jpg,42
267.jpg,204
268.jpg,29
269.jpg,541
270.jpg,688
271.jpg,427
272.jpg,315
273.jpg,467
274.jpg,223
275.jpg,401
276.jpg,383
277.jpg,517
278.jpg,789
279.jpg,561
280.jpg,864
281.jpg,353
282.jpg,511
283.jpg,103
284.jpg,161
285.jpg,790
286.jpg,90
287.jpg,637
288.jpg,569
289.jpg,601
290.jpg,802
291.jpg,23
292.jpg,926
293.jpg,225
294.jpg,459
295.jpg,214
296.jpg,752
297.jpg,970
298.jpg,73
299.jpg,901
300.jpg,488
301.jpg,702
302.jpg,557
303.jpg,880
304.jpg,822
305.jpg,745
306.jpg,230
307.jpg,353
308.jpg,959
309.jpg,328
310.jpg,484
311.jpg,345
312.jpg,290
313.jpg,594
314.jpg,101
315.jpg,535
316.jpg,609
317.jpg,202
318.jpg,135
319.jpg,587
320.jpg,617
321.jpg,788
322.jpg,860
323.jpg,530
324.jpg,649
325.jpg,736
326.jpg,967
327.jpg,65
328.jpg,119
329.jpg,159
330.jpg,107
331.jpg,262
332.jpg,808
333.jpg,372
334.jpg,982
335.jpg,967
336.jpg,587
337.jpg,91
338.jpg,74
339.jpg,592
340.jpg,963
341.jpg,867
342.jpg,927
343.jpg,705
344.jpg,704
345.jpg,944
346.jpg,750
347.jpg,377
348.jpg,256
349.jpg,133
350.jpg,424
351.jpg,273
352.jpg,482
353.jpg,336
354.jpg,406
355.jpg,945
356.jpg,0
357.jpg,326
358.jpg,309
359.jpg,297
360.jpg,285
361.jpg,571
362.jpg,168
363.jpg,341
364.jpg,267
365.jpg,726
366.jpg,44
367.jpg,331
368.jpg,374
369.jpg,444
370.jpg,569
371.jpg,191
372.jpg,707
373.jpg,604
374.jpg,706
375.jpg,637
376.jpg,720
377.jpg,669
378.jpg,224
379.jpg,53
380.jpg,444
381.jpg,150
382.jpg,42
383.jpg,195
384.jpg,5
385.jpg,928
386.jpg,58
387.jpg,517
388.jpg,668
389.jpg,909
390.jpg,423
391.jpg,589
392.jpg,145
393.jpg,803
394.jpg,814
395.jpg,470
396.jpg,619
397.jpg,150
398.jpg,492
399.jpg,459
400.jpg,217
401.jpg,128
402.jpg,679
403.jpg,117
404.jpg,454
405.jpg,460
406.jpg,758
407.jpg,516
408.jpg,97
409.jpg,531
410.jpg,979
411.jpg,695
412.jpg,390
413.jpg,35
414.jpg,649
415.jpg,582
416.jpg,533
417.jpg,655
418.jpg,949
419.jpg,241
420.jpg,43
421.jpg,634
422.jpg,502
423.jpg,627
424.jpg,372
425.jpg,405
426.jpg,515
427.jpg,619
428.jpg,188
429.jpg,107
430.jpg,239
431.jpg,266
432.jpg,934
433.jpg,38
434.jpg,276
435.jpg,358
436.jpg,820
437.jpg,685
438.jpg,45
439.jpg,670
440.jpg,930
441.jpg,711
442.jpg,110
443.jpg,210
444.jpg,783
445.jpg,194
446.jpg,273
447.jpg,910
448.jpg,181
449.jpg,572
450.jpg,79
451.jpg,356
452.jpg,350
453.jpg,785
454.jpg,225
455.jpg,684
456.jpg,498
457.jpg,13
458.jpg,399
459.jpg,879
460.jpg,632
461.jpg,722
462.jpg,912
463.jpg,249
464.jpg,59
465.jpg,102
466.jpg,678
467.jpg,648
468.jpg,30
469.jpg,255
470.jpg,58
471.jpg,268
472.jpg,981
473.jpg,218
474.jpg,297
475.jpg,824
476.jpg,232
477.jpg,485
478.jpg,725
479.jpg,220
480.jpg,17
481.jpg,365
482.jpg,850
483.jpg,631
484.jpg,453
485.jpg,665
486.jpg,267
487.jpg,160
488.jpg,102
489.jpg,363
490.jpg,654
491.jpg,998
492.jpg,327
493.jpg,184
494.jpg,69
495.jpg,157
496.jpg,760
497.jpg,359
498.jpg,752
499.jpg,965
500.jpg,81
501.jpg,754
502.jpg,731
503.jpg,983
504.jpg,396
505.jpg,891
506.jpg,7
507.jpg,693
508.jpg,419
509.jpg,482
510.jpg,503
511.jpg,966
512.jpg,816
513.jpg,55
514.jpg,410
515.jpg,69
516.jpg,959
517.jpg,380
518.jpg,49
519.jpg,691
520.jpg,760
521.jpg,888
522.jpg,702
523.jpg,220
524.jpg,411
525.jpg,276
526.jpg,56
527.jpg,294
528.jpg,575
529.jpg,393
530.jpg,942
531.jpg,352
532.jpg,821
533.jpg,964
534.jpg,760
535.jpg,58
536.jpg,269
537.jpg,441
538.jpg,789
539.jpg,708
540.jpg,607
541.jpg,179
542.jpg,560
543.jpg,829
544.jpg,41
545.jpg,993
546.jpg,81
547.jpg,288
548.jpg,829
549.jpg,764
550.jpg,44
551.jpg,648
552.jpg,660
553.jpg,968
554.jpg,644
555.jpg,882
556.jpg,830
557.jpg,237
558.jpg,738
559.jpg,536
560.jpg,811
561.jpg,674
562.jpg,395
563.jpg,125
564.jpg,20
565.jpg,754
566.jpg,233
567.jpg,949
568.jpg,876
569.jpg,890
570.jpg,507
571.jpg,60
572.jpg,540
573.jpg,483
574.jpg,806
575.jpg,901
576.jpg,51
577.jpg,415
578.jpg,272
579.jpg,117
580.jpg,833
581.jpg,380
582.jpg,645
583.jpg,415
584.jpg,262
585.jpg,905
586.jpg,994
587.jpg,23
588.jpg,452
589.jpg,861
590.jpg,124
591.jpg,215
592.jpg,77
593.jpg,904
594.jpg,866
595.jpg,615
596.jpg,150
597.jpg,901
598.jpg,892
599.jpg,719
600.jpg,520
601.jpg,386
602.jpg,878
603.jpg,908
604.jpg,7
605.jpg,733
606.jpg,693
607.jpg,415
608.jpg,571
609.jpg,451
610.jpg,776
611.jpg,230
612.jpg,245
613.jpg,880
614.jpg,691
615.jpg,860
616.jpg,602
617.jpg,208
618.jpg,160
619.jpg,992
620.jpg,950
621.jpg,806
622.jpg,162
623.jpg,320
624.jpg,757
625.jpg,976
626.jpg,65
627.jpg,935
628.jpg,333
629.jpg,782
630.jpg,3
631.jpg,303
632.jpg,106
633.jpg,696
634.jpg,114
635.jpg,379
636.jpg,163
637.jpg,848
638.jpg,408
639.jpg,924
640.jpg,742
641.jpg,918
642.jpg,969
643.jpg,846
644.jpg,166
645.jpg,889
646.jpg,118
647.jpg,135
648.jpg,209
649.jpg,464
650.jpg,877
651.jpg,383
652.jpg,486
653.jpg,923
654.jpg,767
655.jpg,248
656.jpg,192
657.jpg,955
658.jpg,700
659.jpg,188
660.jpg,816
661.jpg,878
662.jpg,92
663.jpg,629
664.jpg,355
665.jpg,464
666.jpg,227
667.jpg,876
668.jpg,525
669.jpg,259
670.jpg,986
671.jpg,935
672.jpg,439
673.jpg,775
674.jpg,281
675.jpg,694
676.jpg,578
677.jpg,355
678.jpg,217
679.jpg,804
680.jpg,905
681.jpg,61
682.jpg,301
683.jpg,890
684.jpg,402
685.jpg,96
686.jpg,237
687.jpg,108
688.jpg,847
689.jpg,840
690.jpg,182
691.jpg,470
692.jpg,881
693.jpg,495
694.jpg,716
695.jpg,280
696.jpg,960
697.jpg,839
698.jpg,755
699.jpg,709
700.jpg,5
701.jpg,649
702.jpg,432
703.jpg,650
704.jpg,236
705.jpg,125
706.jpg,82
707.jpg,797
708.jpg,87
709.jpg,49
710.jpg,176
711.jpg,132
712.jpg,527
713.jpg,775
714.jpg,945
715.jpg,41
716.jpg,76
717.jpg,418
718.jpg,932
719.jpg,674
720.jpg,986
721.jpg,225
722.jpg,139
723.jpg,691
724.jpg,330
725.jpg,735
726.jpg,731
727.jpg,671
728.jpg,823
729.jpg,680
730.jpg,662
731.jpg,242
732.jpg,688
733.jpg,567
734.jpg,533
735.jpg,551
736.jpg,101
737.jpg,850
738.jpg,209
739.jpg,949
740.jpg,739
741.jpg,905
742.jpg,746
743.jpg,457
744.jpg,496
745.jpg,883
746.jpg,247
747.jpg,280
748.jpg,990
749.jpg,934
750.jpg,105
751.jpg,838
752.jpg,598
753.jpg,416
754.jpg,653
755.jpg,771
756.jpg,472
757.jpg,873
758.jpg,805
759.jpg,695
760.jpg,274
761.jpg,27
762.jpg,721
763.jpg,133
764.jpg,552
765.jpg,988
766.jpg,94
767.jpg,179
768.jpg,993
769.jpg,93
770.jpg,597
771.jpg,768
772.jpg,143
773.jpg,378
774.jpg,146
775.jpg,954
776.jpg,337
777.jpg,295
778.jpg,319
779.jpg,287
780.jpg,210
781.jpg,924
782.jpg,622
783.jpg,986
784.jpg,737
785.jpg,862
786.jpg,824
787.jpg,849
788.jpg,490
789.jpg,925
790.jpg,469
791.jpg,492
792.jpg,958
793.jpg,618
794.jpg,199
795.jpg,691
796.jpg,141
797.jpg,582
798.jpg,27
799.jpg,659
800.jpg,646
801.jpg,930
802.jpg,294
803.jpg,609
804.jpg,629
805.jpg,239
806.jpg,581
807.jpg,21
808.jpg,36
809.jpg,733
810.jpg,682
811.jpg,962
812.jpg,631
813.jpg,735
814.jpg,521
815.jpg,360
816.jpg,448
817.jpg,295
818.jpg,761
819.jpg,35
820.jpg,18
821.jpg,256
822.jpg,641
823.jpg,7
824.jpg,412
825.jpg,88
826.jpg,926
827.jpg,14
828.jpg,295
829.jpg,907
830.jpg,479
831.jpg,266
832.jpg,391
833.jpg,9
834.jpg,242
835.jpg,387
836.jpg,103
837.jpg,936
838.jpg,999
839.jpg,445
840.jpg,384
841.jpg,847
842.jpg,251
843.jpg,416
844.jpg,71
845.jpg,137
846.jpg,844
847.jpg,969
848.jpg,61
849.jpg,25
850.jpg,47
851.jpg,766
852.jpg,366
853.jpg,807
854.jpg,494
855.jpg,607
856.jpg,528
857.jpg,94
858.jpg,167
859.jpg,956
860.jpg,310
861.jpg,414
862.jpg,394
863.jpg,978
864.jpg,510
865.jpg,978
866.jpg,397
867.jpg,312
868.jpg,277
869.jpg,38
870.jpg,855
871.jpg,310
872.jpg,548
873.jpg,219
874.jpg,685
875.jpg,450
876.jpg,649
877.jpg,777
878.jpg,517
879.jpg,900
880.jpg,18
881.jpg,13
882.jpg,634
883.jpg,9
884.jpg,582
885.jpg,202
886.jpg,546
887.jpg,607
888.jpg,372
889.jpg,904
890.jpg,525
891.jpg,743
892.jpg,186
893.jpg,802
894.jpg,690
895.jpg,341
896.jpg,916
897.jpg,387
898.jpg,794
899.jpg,113
900.jpg,485
901.jpg,280
902.jpg,667
903.jpg,389
904.jpg,34
905.jpg,687
906.jpg,586
907.jpg,857
908.jpg,970
909.jpg,508
910.jpg,649
911.jpg,494
912.jpg,461
913.jpg,354
914.jpg,92
915.jpg,763
916.jpg,322
917.jpg,733
918.jpg,215
919.jpg,43
920.jpg,567
921.jpg,668
922.jpg,138
923.jpg,483
924.jpg,219
925.jpg,315
926.jpg,658
927.jpg,97
928.jpg,979
929.jpg,392
930.jpg,772
931.jpg,885
932.jpg,291
933.jpg,833
934.jpg,755
935.jpg,710
936.jpg,626
937.jpg,669
938.jpg,37
939.jpg,306
940.jpg,123
941.jpg,214
942.jpg,508
943.jpg,40
944.jpg,17
945.jpg,960
946.jpg,313
947.jpg,212
948.jpg,937
949.jpg,798
950.jpg,996
951.jpg,570
952.jpg,247
953.jpg,714
954.jpg,561
955.jpg,578
956.jpg,529
957.jpg,345
958.jpg,732
959.jpg,296
960.jpg,221
961.jpg,462
962.jpg,856
963.jpg,932
964.jpg,147
965.jpg,11
966.jpg,430
967.jpg,45
968.jpg,292
969.jpg,917
970.jpg,429
971.jpg,903
972.jpg,812
973.jpg,932
974.jpg,590
975.jpg,337
976.jpg,387
977.jpg,263
978.jpg,205
979.jpg,545
980.jpg,220
981.jpg,833
982.jpg,221
983.jpg,184
984.jpg,81
985.jpg,196
986.jpg,31
987.jpg,652
988.jpg,406
989.jpg,375
990.jpg,468
991.jpg,947
992.jpg,647
993.jpg,887
994.jpg,339
995.jpg,595
996.jpg,247
997.jpg,422
998.jpg,10
999.jpg,65
1000.jpg,271
1001.jpg,413
1002.jpg,859
1003.jpg,725
1004.jpg,126
1005.jpg,572
1006.jpg,784
1007.jpg,495
1008.jpg,859
1009.jpg,810
1010.jpg,390
1011.jpg,989
1012.jpg,356
1013.jpg,926
1014.jpg,35
1015.jpg,551
1016.jpg,997
1017.jpg,971
1018.jpg,868
1019.jpg,424
1020.jpg,421
1021.jpg,643
1022.jpg,477
1023.jpg,938
1024.jpg,641
1025.jpg,837
1026.jpg,782
1027.jpg,579
1028.jpg,843
1029.jpg,772
1030.jpg,133
1031.jpg,454
1032.jpg,748
1033.jpg,105
1034.jpg,985
1035.jpg,148
1036.jpg,594
1037.jpg,593
1038.jpg,451
1039.jpg,675
1040.jpg,500
1041.jpg,293
1042.jpg,886
1043.jpg,76
1044.jpg,88
1045.jpg,320
1046.jpg,913
1047.jpg,538
1048.jpg,757
1049.jpg,134
1050.jpg,532
1051.jpg,584
1052.jpg,604
1053.jpg,767
1054.jpg,189
1055.jpg,474
1056.jpg,300
1057.jpg,823
1058.jpg,634
1059.jpg,625
1060.jpg,851
1061.jpg,802
1062.jpg,890
1063.jpg,659
1064.jpg,965
1065.jpg,958
1066.jpg,744
1067.jpg,62
1068.jpg,977
1069.jpg,444
1070.jpg,898
1071.jpg,278
1072.jpg,56
1073.jpg,910
1074.jpg,712
1075.jpg,730
1076.jpg,282
1077.jpg,983
1078.jpg,100
1079.jpg,446
1080.jpg,180
1081.jpg,862
1082.jpg,367
1083.jpg,28
1084.jpg,407
1085.jpg,199
1086.jpg,933
1087.jpg,625
1088.jpg,527
1089.jpg,492
1090.jpg,360
1091.jpg,844
1092.jpg,705
1093.jpg,585
1094.jpg,87
1095.jpg,56
1096.jpg,615
1097.jpg,347
1098.jpg,79
1099.jpg,870
1100.jpg,371
1101.jpg,386
1102.jpg,430
1103.jpg,557
1104.jpg,427
1105.jpg,549
1106.jpg,863
1107.jpg,431
1108.jpg,640
1109.jpg,254
1110.jpg,869
1111.jpg,258
1112.jpg,64
1113.jpg,798
1114.jpg,616
1115.jpg,272
1116.jpg,772
1117.jpg,246
1118.jpg,833
1119.jpg,117
1120.jpg,80
1121.jpg,101
1122.jpg,476
1123.jpg,399
1124.jpg,675
1125.jpg,261
1126.jpg,244
1127.jpg,186
1128.jpg,359
1129.jpg,616
1130.jpg,404
1131.jpg,406
1132.jpg,453
1133.jpg,509
1134.jpg,749
1135.jpg,156
1136.jpg,130
1137.jpg,398
1138.jpg,153
1139.jpg,261
1140.jpg,977
1141.jpg,338
1142.jpg,895
1143.jpg,846
1144.jpg,911
1145.jpg,715
1146.jpg,653
1147.jpg,636
1148.jpg,438
1149.jpg,965
1150.jpg,937
1151.jpg,634
1152.jpg,992
1153.jpg,604
1154.jpg,99
1155.jpg,407
1156.jpg,490
1157.jpg,120
1158.jpg,618
1159.jpg,247
1160.jpg,137
1161.jpg,786
1162.jpg,278
1163.jpg,21
1164.jpg,553
1165.jpg,97
1166.jpg,914
1167.jpg,2
1168.jpg,369
1169.jpg,57
1170.jpg,22
1171.jpg,384
1172.jpg,44
1173.jpg,15
1174.jpg,114
1175.jpg,610
1176.jpg,777
1177.jpg,847
1178.jpg,957
1179.jpg,779
1180.jpg,172
1181.jpg,697
1182.jpg,486
1183.jpg,643
1184.jpg,629
1185.jpg,948
1186.jpg,8
1187.jpg,814
1188.jpg,635
1189.jpg,894
1190.jpg,102
1191.jpg,172
1192.jpg,966
1193.jpg,754
1194.jpg,447
1195.jpg,486
1196.jpg,882
1197.jpg,858
1198.jpg,49
1199.jpg,672
1200.jpg,633
1201.jpg,448
1202.jpg,393
1203.jpg,313
1204.jpg,947
1205.jpg,72
1206.jpg,861
1207.jpg,917
1208.jpg,268
1209.jpg,70
1210.jpg,24
1211.jpg,931
1212.jpg,156
1213.jpg,673
1214.jpg,417
1215.jpg,376
1216.jpg,866
1217.jpg,462
1218.jpg,664
1219.jpg,304
1220.jpg,707
1221.jpg,960
1222.jpg,509
1223.jpg,788
1224.jpg,363
1225.jpg,257
1226.jpg,925
1227.jpg,76
1228.jpg,184
1229.jpg,236
1230.jpg,554
1231.jpg,111
1232.jpg,121
1233.jpg,658
1234.jpg,175
1235.jpg,724
1236.jpg,745
1237.jpg,687
1238.jpg,825
1239.jpg,679
1240.jpg,157
1241.jpg,556
1242.jpg,865
1243.jpg,243
1244.jpg,309
1245.jpg,606
1246.jpg,410
1247.jpg,930
1248.jpg,433
1249.jpg,959
1250.jpg,216
1251.jpg,398
1252.jpg,223
1253.jpg,747
1254.jpg,881
1255.jpg,854
1256.jpg,303
1257.jpg,158
1258.jpg,306
1259.jpg,851
1260.jpg,123
1261.jpg,449
1262.jpg,509
1263.jpg,706
1264.jpg,576
1265.jpg,3
1266.jpg,329
1267.jpg,918
1268.jpg,539
1269.jpg,678
1270.jpg,468
1271.jpg,752
1272.jpg,50
1273.jpg,678
1274.jpg,394
1275.jpg,648
1276.jpg,226
1277.jpg,204
1278.jpg,53
1279.jpg,266
1280.jpg,780
1281.jpg,868
1282.jpg,961
1283.jpg,298
1284.jpg,405
1285.jpg,817
1286.jpg,61
1287.jpg,753
1288.jpg,590
1289.jpg,668
1290.jpg,498
1291.jpg,968
1292.jpg,177
1293.jpg,450
1294.jpg,333
1295.jpg,299
1296.jpg,721
1297.jpg,496
1298.jpg,513
1299.jpg,594
1300.jpg,86
1301.jpg,63
1302.jpg,334
1303.jpg,904
1304.jpg,651
1305.jpg,111
1306.jpg,673
1307.jpg,810
1308.jpg,66
1309.jpg,194
1310.jpg,385
1311.jpg,399
1312.jpg,689
1313.jpg,535
1314.jpg,527
1315.jpg,956
1316.jpg,39
1317.jpg,506
1318.jpg,913
1319.jpg,19
1320.jpg,580
1321.jpg,264
1322.jpg,458
1323.jpg,554
1324.jpg,811
1325.jpg,779
1326.jpg,882
1327.jpg,165
1328.jpg,921
1329.jpg,854
1330.jpg,941
1331.jpg,590
1332.jpg,371
1333.jpg,309
1334.jpg,898
1335.jpg,426
1336.jpg,26
1337.jpg,136
1338.jpg,540
1339.jpg,435
1340.jpg,791
1341.jpg,953
1342.jpg,259
1343.jpg,121
1344.jpg,635
1345.jpg,54
1346.jpg,143
1347.jpg,765
1348.jpg,680
1349.jpg,231
1350.jpg,969
1351.jpg,991
1352.jpg,671
1353.jpg,558
1354.jpg,605
1355.jpg,363
1356.jpg,377
1357.jpg,407
1358.jpg,567
1359.jpg,95
1360.jpg,953
1361.jpg,307
1362.jpg,718
1363.jpg,995
1364.jpg,686
1365.jpg,829
1366.jpg,478
1367.jpg,663
1368.jpg,723
1369.jpg,62
1370.jpg,155
1371.jpg,826
1372.jpg,399
1373.jpg,799
1374.jpg,657
1375.jpg,644
1376.jpg,92
1377.jpg,198
1378.jpg,793
1379.jpg,324
1380.jpg,359
1381.jpg,275
1382.jpg,88
1383.jpg,732
1384.jpg,71
1385.jpg,811
1386.jpg,512
1387.jpg,977
1388.jpg,45
1389.jpg,977
1390.jpg,921
1391.jpg,701
1392.jpg,588
1393.jpg,968
1394.jpg,0
1395.jpg,761
1396.jpg,501
1397.jpg,77
1398.jpg,597
1399.jpg,106
1400.jpg,880
1401.jpg,457
1402.jpg,285
1403.jpg,455
1404.jpg,74
1405.jpg,179
1406.jpg,43
1407.jpg,927
1408.jpg,897
1409.jpg,585
1410.jpg,308
1411.jpg,865
1412.jpg,91
1413.jpg,872
1414.jpg,720
1415.jpg,166
1416.jpg,725
1417.jpg,422
1418.jpg,185
1419.jpg,718
1420.jpg,119
1421.jpg,632
1422.jpg,12
1423.jpg,753
1424.jpg,992
1425.jpg,159
1426.jpg,608
1427.jpg,327
1428.jpg,522
1429.jpg,429
1430.jpg,235
1431.jpg,257
1432.jpg,840
1433.jpg,774
1434.jpg,761
1435.jpg,195
1436.jpg,744
1437.jpg,924
1438.jpg,286
1439.jpg,886
1440.jpg,497
1441.jpg,264
1442.jpg,108
1443.jpg,664
1444.jpg,853
1445.jpg,343
1446.jpg,653
1447.jpg,464
1448.jpg,999
1449.jpg,146
1450.jpg,305
1451.jpg,678
1452.jpg,573
1453.jpg,851
1454.jpg,22
1455.jpg,388
1456.jpg,243
1457.jpg,298
1458.jpg,839
1459.jpg,124
1460.jpg,245
1461.jpg,919
1462.jpg,489
1463.jpg,333
1464.jpg,14
1465.jpg,109
1466.jpg,195
1467.jpg,763
1468.jpg,69
1469.jpg,710
1470.jpg,16
1471.jpg,760
1472.jpg,694
1473.jpg,388
1474.jpg,216
1475.jpg,138
1476.jpg,577
1477.jpg,909
1478.jpg,595
1479.jpg,160
1480.jpg,481
1481.jpg,326
1482.jpg,425
1483.jpg,683
1484.jpg,419
1485.jpg,494
1486.jpg,326
1487.jpg,984
1488.jpg,628
1489.jpg,348
1490.jpg,591
1491.jpg,177
1492.jpg,404
1493.jpg,479
1494.jpg,684
1495.jpg,506
1496.jpg,488
1497.jpg,59
1498.jpg,796
1499.jpg,226
1500.jpg,377
1501.jpg,631
1502.jpg,482
1503.jpg,920
1504.jpg,506
1505.jpg,270
1506.jpg,995
1507.jpg,339
1508.jpg,340
1509.jpg,826
1510.jpg,116
1511.jpg,292
1512.jpg,791
1513.jpg,490
1514.jpg,437
1515.jpg,77
1516.jpg,635
1517.jpg,461
1518.jpg,682
1519.jpg,278
1520.jpg,169
1521.jpg,60
1522.jpg,961
1523.jpg,853
1524.jpg,89
1525.jpg,894
1526.jpg,989
1527.jpg,613
1528.jpg,731
1529.jpg,365
1530.jpg,121
1531.jpg,258
1532.jpg,834
1533.jpg,363
1534.jpg,707
1535.jpg,883
1536.jpg,899
1537.jpg,831
1538.jpg,437
1539.jpg,541
1540.jpg,955
1541.jpg,453
1542.jpg,238
1543.jpg,631
1544.jpg,754
1545.jpg,151
1546.jpg,82
1547.jpg,639
1548.jpg,621
1549.jpg,728
1550.jpg,778
1551.jpg,232
1552.jpg,61
1553.jpg,914
1554.jpg,583
1555.jpg,987
1556.jpg,518
1557.jpg,96
1558.jpg,360
1559.jpg,642
1560.jpg,372
1561.jpg,436
1562.jpg,362
1563.jpg,75
1564.jpg,52
1565.jpg,344
1566.jpg,615
1567.jpg,229
1568.jpg,467
1569.jpg,630
1570.jpg,57
1571.jpg,111
1572.jpg,480
1573.jpg,805
1574.jpg,435
1575.jpg,378
1576.jpg,740
1577.jpg,666
1578.jpg,252
1579.jpg,199
1580.jpg,24
1581.jpg,550
1582.jpg,202
1583.jpg,15
1584.jpg,757
1585.jpg,508
1586.jpg,626
1587.jpg,970
1588.jpg,167
1589.jpg,589
1590.jpg,41
1591.jpg,9
1592.jpg,662
1593.jpg,728
1594.jpg,67
1595.jpg,129
1596.jpg,158
1597.jpg,78
1598.jpg,36
1599.jpg,318
1600.jpg,586
1601.jpg,896
1602.jpg,310
1603.jpg,388
1604.jpg,52
1605.jpg,938
1606.jpg,502
1607.jpg,954
1608.jpg,260
1609.jpg,259
1610.jpg,718
1611.jpg,808
1612.jpg,250
1613.jpg,745
1614.jpg,345
1615.jpg,59
1616.jpg,810
1617.jpg,191
1618.jpg,104
1619.jpg,932
1620.jpg,694
1621.jpg,442
1622.jpg,993
1623.jpg,123
1624.jpg,762
1625.jpg,316
1626.jpg,655
1627.jpg,361
1628.jpg,565
1629.jpg,581
1630.jpg,108
1631.jpg,401
1632.jpg,526
1633.jpg,353
1634.jpg,993
1635.jpg,845
1636.jpg,998
1637.jpg,418
1638.jpg,875
1639.jpg,975
1640.jpg,288
1641.jpg,358
1642.jpg,233
1643.jpg,47
1644.jpg,52
1645.jpg,484
1646.jpg,993
1647.jpg,793
1648.jpg,318
1649.jpg,677
1650.jpg,722
1651.jpg,322
1652.jpg,599
1653.jpg,513
1654.jpg,565
1655.jpg,833
1656.jpg,462
1657.jpg,113
1658.jpg,751
1659.jpg,556
1660.jpg,317
1661.jpg,354
1662.jpg,827
1663.jpg,612
1664.jpg,537
1665.jpg,137
1666.jpg,944
1667.jpg,922
1668.jpg,345
1669.jpg,170
1670.jpg,320
1671.jpg,38
1672.jpg,665
1673.jpg,407
1674.jpg,574
1675.jpg,733
1676.jpg,254
1677.jpg,321
1678.jpg,580
1679.jpg,39
1680.jpg,155
1681.jpg,268
1682.jpg,611
1683.jpg,191
1684.jpg,922
1685.jpg,203
1686.jpg,450
1687.jpg,714
1688.jpg,843
1689.jpg,201
1690.jpg,404
1691.jpg,627
1692.jpg,971
1693.jpg,606
1694.jpg,687
1695.jpg,289
1696.jpg,317
1697.jpg,438
1698.jpg,86
1699.jpg,112
1700.jpg,676
1701.jpg,819
1702.jpg,651
1703.jpg,787
1704.jpg,665
1705.jpg,440
1706.jpg,661
1707.jpg,869
1708.jpg,809
1709.jpg,815
1710.jpg,683
1711.jpg,368
1712.jpg,770
1713.jpg,679
1714.jpg,305
1715.jpg,695
1716.jpg,284
1717.jpg,32
1718.jpg,291
1719.jpg,936
1720.jpg,28
1721.jpg,233
1722.jpg,251
1723.jpg,54
1724.jpg,699
1725.jpg,471
1726.jpg,436
1727.jpg,346
1728.jpg,954
1729.jpg,115
1730.jpg,839
1731.jpg,885
1732.jpg,792
1733.jpg,142
1734.jpg,834
1735.jpg,500
1736.jpg,412
1737.jpg,717
1738.jpg,909
1739.jpg,6
1740.jpg,794
1741.jpg,759
1742.jpg,920
1743.jpg,291
1744.jpg,12
1745.jpg,333
1746.jpg,622
1747.jpg,347
1748.jpg,375
1749.jpg,273
1750.jpg,628
1751.jpg,993
1752.jpg,700
1753.jpg,216
1754.jpg,716
1755.jpg,848
1756.jpg,922
1757.jpg,358
1758.jpg,737
1759.jpg,706
1760.jpg,63
1761.jpg,838
1762.jpg,84
1763.jpg,801
1764.jpg,488
1765.jpg,208
1766.jpg,128
1767.jpg,760
1768.jpg,391
1769.jpg,209
1770.jpg,642
1771.jpg,575
1772.jpg,176
1773.jpg,385
1774.jpg,566
1775.jpg,540
1776.jpg,83
1777.jpg,893
1778.jpg,131
1779.jpg,257
1780.jpg,396
1781.jpg,475
1782.jpg,203
1783.jpg,769
1784.jpg,774
1785.jpg,832
1786.jpg,883
1787.jpg,997
1788.jpg,571
1789.jpg,526
1790.jpg,512
1791.jpg,185
1792.jpg,538
1793.jpg,423
1794.jpg,193
1795.jpg,34
1796.jpg,880
1797.jpg,212
1798.jpg,34
1799.jpg,476
1800.jpg,547
1801.jpg,229
1802.jpg,272
1803.jpg,954
1804.jpg,422
1805.jpg,881
1806.jpg,835
1807.jpg,768
1808.jpg,127
1809.jpg,260
1810.jpg,900
1811.jpg,329
1812.jpg,933
1813.jpg,142
1814.jpg,219
1815.jpg,228
1816.jpg,626
1817.jpg,301
1818.jpg,129
1819.jpg,118
1820.jpg,589
1821.jpg,19
1822.jpg,56
1823.jpg,85
1824.jpg,915
1825.jpg,50
1826.jpg,364
1827.jpg,907
1828.jpg,528
1829.jpg,555
1830.jpg,280
1831.jpg,226
1832.jpg,505
1833.jpg,135
1834.jpg,946
1835.jpg,946
1836.jpg,737
1837.jpg,896
1838.jpg,48
1839.jpg,852
1840.jpg,254
1841.jpg,293
1842.jpg,874
1843.jpg,172
1844.jpg,83
1845.jpg,871
1846.jpg,118
1847.jpg,837
1848.jpg,480
1849.jpg,543
1850.jpg,293
1851.jpg,329
1852.jpg,437
1853.jpg,845
1854.jpg,466
1855.jpg,361
1856.jpg,904
1857.jpg,854
1858.jpg,274
1859.jpg,717
1860.jpg,874
1861.jpg,787
1862.jpg,177
1863.jpg,125
1864.jpg,31
1865.jpg,581
1866.jpg,44
1867.jpg,311
1868.jpg,508
1869.jpg,78
1870.jpg,697
1871.jpg,188
1872.jpg,729
1873.jpg,230
1874.jpg,724
1875.jpg,714
1876.jpg,707
1877.jpg,463
1878.jpg,536
1879.jpg,127
1880.jpg,246
1881.jpg,8
1882.jpg,931
1883.jpg,567
1884.jpg,444
1885.jpg,11
1886.jpg,786
1887.jpg,875
1888.jpg,842
1889.jpg,646
1890.jpg,89
1891.jpg,343
1892.jpg,769
1893.jpg,193
1894.jpg,321
1895.jpg,858
1896.jpg,325
1897.jpg,317
1898.jpg,58
1899.jpg,445
1900.jpg,838
1901.jpg,206
1902.jpg,279
1903.jpg,988
1904.jpg,944
1905.jpg,505
1906.jpg,124
1907.jpg,311
1908.jpg,42
1909.jpg,99
1910.jpg,899
1911.jpg,401
1912.jpg,611
1913.jpg,174
1914.jpg,468
1915.jpg,825
1916.jpg,770
1917.jpg,30
1918.jpg,703
1919.jpg,302
1920.jpg,455
1921.jpg,852
1922.jpg,163
1923.jpg,562
1924.jpg,917
1925.jpg,655
1926.jpg,981
1927.jpg,465
1928.jpg,55
1929.jpg,551
1930.jpg,866
1931.jpg,742
1932.jpg,640
1933.jpg,941
1934.jpg,254
1935.jpg,867
1936.jpg,655
1937.jpg,650
1938.jpg,675
1939.jpg,210
1940.jpg,860
1941.jpg,757
1942.jpg,539
1943.jpg,256
1944.jpg,814
1945.jpg,817
1946.jpg,277
1947.jpg,893
1948.jpg,874
1949.jpg,898
1950.jpg,996
1951.jpg,964
1952.jpg,34
1953.jpg,466
1954.jpg,727
1955.jpg,319
1956.jpg,459
1957.jpg,331
1958.jpg,730
1959.jpg,663
1960.jpg,254
1961.jpg,593
1962.jpg,930
1963.jpg,213
1964.jpg,522
1965.jpg,161
1966.jpg,359
1967.jpg,715
1968.jpg,824
1969.jpg,931
1970.jpg,72
1971.jpg,171
1972.jpg,686
1973.jpg,139
1974.jpg,85
1975.jpg,266
1976.jpg,813
1977.jpg,880
1978.jpg,429
1979.jpg,150
1980.jpg,381
1981.jpg,929
1982.jpg,422
1983.jpg,51
1984.jpg,657
1985.jpg,481
1986.jpg,972
1987.jpg,937
1988.jpg,364
1989.jpg,623
1990.jpg,396
1991.jpg,356
1992.jpg,698
1993.jpg,513
1994.jpg,73
1995.jpg,592
1996.jpg,224
1997.jpg,991
1998.jpg,790
1999.jpg,152
2000.jpg,68
2001.jpg,756
2002.jpg,937
2003.jpg,534
2004.jpg,235
2005.jpg,105
2006.jpg,681
2007.jpg,401
2008.jpg,382
2009.jpg,217
2010.jpg,872
2011.jpg,603
2012.jpg,669
2013.jpg,736
2014.jpg,907
2015.jpg,647
2016.jpg,373
2017.jpg,692
2018.jpg,154
2019.jpg,785
2020.jpg,563
2021.jpg,174
2022.jpg,352
2023.jpg,453
2024.jpg,646
2025.jpg,169
2026.jpg,667
2027.jpg,727
2028.jpg,330
2029.jpg,821
2030.jpg,188
2031.jpg,546
2032.jpg,246
2033.jpg,734
2034.jpg,370
2035.jpg,390
2036.jpg,189
2037.jpg,587
2038.jpg,366
2039.jpg,732
2040.jpg,140
2041.jpg,682
2042.jpg,828
2043.jpg,397
2044.jpg,340
2045.jpg,441
2046.jpg,307
2047.jpg,5
2048.jpg,869
2049.jpg,713
2050.jpg,205
2051.jpg,414
2052.jpg,713
2053.jpg,564
2054.jpg,759
2055.jpg,558
2056.jpg,792
2057.jpg,800
2058.jpg,363
2059.jpg,190
2060.jpg,234
2061.jpg,627
2062.jpg,18
2063.jpg,849
2064.jpg,379
2065.jpg,380
2066.jpg,951
2067.jpg,605
2068.jpg,638
2069.jpg,680
2070.jpg,858
2071.jpg,170
2072.jpg,73
2073.jpg,957
2074.jpg,568
2075.jpg,476
2076.jpg,695
2077.jpg,31
2078.jpg,1
2079.jpg,551
2080.jpg,545
2081.jpg,326
2082.jpg,466
2083.jpg,86
2084.jpg,842
2085.jpg,335
2086.jpg,722
2087.jpg,778
2088.jpg,863
2089.jpg,68
2090.jpg,618
2091.jpg,385
2092.jpg,647
2093.jpg,548
2094.jpg,23
2095.jpg,238
2096.jpg,867
2097.jpg,542
2098.jpg,987
2099.jpg,360
2100.jpg,798
2101.jpg,968
2102.jpg,426
2103.jpg,969
2104.jpg,215
2105.jpg,213
2106.jpg,510
2107.jpg,614
2108.jpg,984
2109.jpg,12
2110.jpg,350
2111.jpg,997
2112.jpg,503
2113.jpg,829
2114.jpg,502
2115.jpg,655
2116.jpg,679
2117.jpg,493
2118.jpg,800
2119.jpg,781
2120.jpg,33
2121.jpg,826
2122.jpg,618
2123.jpg,681
2124.jpg,148
2125.jpg,930
2126.jpg,324
2127.jpg,583
2128.jpg,516
2129.jpg,240
2130.jpg,667
2131.jpg,221
2132.jpg,822
2133.jpg,368
2134.jpg,65
2135.jpg,413
2136.jpg,855
2137.jpg,688
2138.jpg,644
2139.jpg,145
2140.jpg,75
2141.jpg,980
2142.jpg,277
2143.jpg,818
2144.jpg,653
2145.jpg,513
2146.jpg,263
2147.jpg,443
2148.jpg,439
2149.jpg,297
2150.jpg,734
2151.jpg,209
2152.jpg,634
2153.jpg,645
2154.jpg,402
2155.jpg,4
2156.jpg,279
2157.jpg,980
2158.jpg,860
2159.jpg,862
2160.jpg,653
2161.jpg,122
2162.jpg,491
2163.jpg,105
2164.jpg,857
2165.jpg,550
2166.jpg,597
2167.jpg,849
2168.jpg,265
2169.jpg,535
2170.jpg,234
2171.jpg,811
2172.jpg,72
2173.jpg,180
2174.jpg,87
2175.jpg,155
2176.jpg,682
2177.jpg,962
2178.jpg,928
2179.jpg,343
2180.jpg,314
2181.jpg,664
2182.jpg,305
2183.jpg,101
2184.jpg,942
2185.jpg,409
2186.jpg,786
2187.jpg,427
2188.jpg,423
2189.jpg,6
2190.jpg,601
2191.jpg,26
2192.jpg,763
2193.jpg,652
2194.jpg,868
2195.jpg,728
2196.jpg,431
2197.jpg,269
2198.jpg,530
2199.jpg,222
2200.jpg,576
2201.jpg,791
2202.jpg,442
2203.jpg,250
2204.jpg,521
2205.jpg,834
2206.jpg,478
2207.jpg,369
2208.jpg,872
2209.jpg,708
2210.jpg,410
2211.jpg,736
2212.jpg,963
2213.jpg,756
2214.jpg,476
2215.jpg,892
2216.jpg,559
2217.jpg,167
2218.jpg,763
2219.jpg,534
2220.jpg,917
2221.jpg,638
2222.jpg,90
2223.jpg,508
2224.jpg,298
2225.jpg,782
2226.jpg,349
2227.jpg,151
2228.jpg,599
2229.jpg,85
2230.jpg,684
2231.jpg,313
2232.jpg,447
2233.jpg,943
2234.jpg,164
2235.jpg,224
2236.jpg,275
2237.jpg,431
2238.jpg,757
2239.jpg,270
2240.jpg,723
2241.jpg,812
2242.jpg,850
2243.jpg,934
2244.jpg,428
2245.jpg,661
2246.jpg,383
2247.jpg,945
2248.jpg,137
2249.jpg,400
2250.jpg,190
2251.jpg,198
2252.jpg,523
2253.jpg,944
2254.jpg,532
2255.jpg,710
2256.jpg,474
2257.jpg,687
2258.jpg,613
2259.jpg,782
2260.jpg,211
2261.jpg,993
2262.jpg,120
2263.jpg,879
2264.jpg,599
2265.jpg,110
2266.jpg,39
2267.jpg,389
2268.jpg,40
2269.jpg,55
2270.jpg,281
2271.jpg,318
2272.jpg,178
2273.jpg,466
2274.jpg,654
2275.jpg,203
2276.jpg,548
2277.jpg,504
2278.jpg,833
2279.jpg,377
2280.jpg,338
2281.jpg,578
2282.jpg,974
2283.jpg,843
2284.jpg,72
2285.jpg,958
2286.jpg,69
2287.jpg,110
2288.jpg,181
2289.jpg,33
2290.jpg,433
2291.jpg,911
2292.jpg,600
2293.jpg,338
2294.jpg,797
2295.jpg,758
2296.jpg,502
2297.jpg,358
2298.jpg,40
2299.jpg,231
2300.jpg,933
2301.jpg,434
2302.jpg,410
2303.jpg,459
2304.jpg,88
2305.jpg,93
2306.jpg,313
2307.jpg,98
2308.jpg,884
2309.jpg,542
2310.jpg,445
2311.jpg,433
2312.jpg,623
2313.jpg,462
2314.jpg,632
2315.jpg,596
2316.jpg,602
2317.jpg,302
2318.jpg,209
2319.jpg,757
2320.jpg,945
2321.jpg,523
2322.jpg,647
2323.jpg,573
2324.jpg,149
2325.jpg,600
2326.jpg,168
2327.jpg,939
2328.jpg,953
2329.jpg,769
2330.jpg,856
2331.jpg,289
2332.jpg,424
2333.jpg,924
2334.jpg,162
2335.jpg,797
2336.jpg,473
2337.jpg,659
2338.jpg,314
2339.jpg,871
2340.jpg,511
2341.jpg,698
2342.jpg,360
2343.jpg,17
2344.jpg,463
2345.jpg,615
2346.jpg,180
2347.jpg,837
2348.jpg,218
2349.jpg,271
2350.jpg,420
2351.jpg,331
2352.jpg,805
2353.jpg,946
2354.jpg,951
2355.jpg,696
2356.jpg,659
2357.jpg,612
2358.jpg,111
2359.jpg,514
2360.jpg,212
2361.jpg,125
2362.jpg,104
2363.jpg,392
2364.jpg,751
2365.jpg,439
2366.jpg,562
2367.jpg,677
2368.jpg,847
2369.jpg,138
2370.jpg,475
2371.jpg,788
2372.jpg,570
2373.jpg,836
2374.jpg,283
2375.jpg,558
2376.jpg,197
2377.jpg,603
2378.jpg,858
2379.jpg,830
2380.jpg,395
2381.jpg,834
2382.jpg,469
2383.jpg,829
2384.jpg,666
2385.jpg,244
2386.jpg,389
2387.jpg,119
2388.jpg,519
2389.jpg,339
2390.jpg,332
2391.jpg,520
2392.jpg,144
2393.jpg,579
